{"edmonton_ab": {"tiles": {"5": [[5, 10]], "6": [[11, 20]], "7": [[23, 41]], "8": [[47, 82]], "9": [[94, 165]], "10": [[189, 331]], "11": [[379, 663]], "12": [[759, 1326]], "13": [[1518, 2653]], "14": [[3036, 5307]]}, "centroid": [-113.4927225, 53.55579435]}, "brampton_on": {"tiles": {"5": [[8, 11]], "6": [[17, 23]], "7": [[35, 46]], "8": [[71, 93]], "9": [[142, 186]], "10": [[285, 373]], "11": [[570, 747]], "12": [[1141, 1495]], "13": [[2283, 2991]], "14": [[4567, 5982]]}, "centroid": [-79.7595439, 43.724934000000005]}, "toronto_on": {"tiles": {"5": [[8, 11]], "6": [[17, 23]], "7": [[35, 46]], "8": [[71, 93]], "9": [[143, 186]], "10": [[286, 373]], "11": [[573, 747]], "12": [[1147, 1495]], "13": [[2295, 2991]], "14": [[4591, 5983]]}, "centroid": [-79.37805804999999, 43.718241199999994]}, "montreal_qc": {"tiles": {"5": [[9, 11]], "6": [[18, 22]], "7": [[37, 45]], "8": [[75, 91]], "9": [[151, 183]], "10": [[303, 366]], "11": [[606, 733]], "12": [[1212, 1466]], "13": [[2424, 2933]], "14": [[4848, 5867]]}, "centroid": [-73.7303025, 45.55804205]}, "hamilton_on": {"tiles": {"5": [[8, 11]], "6": [[17, 23]], "7": [[35, 47]], "8": [[71, 94]], "9": [[142, 188]], "10": [[285, 376]], "11": [[571, 752]], "12": [[1142, 1504]], "13": [[2284, 3008]], "14": [[4568, 6017]]}, "centroid": [-79.9331491, 43.2608104]}, "winnipeg_mb": {"tiles": {"5": [[7, 10]], "6": [[14, 21]], "7": [[29, 43]], "8": [[59, 87]], "9": [[118, 174]], "10": [[236, 348]], "11": [[472, 697]], "12": [[944, 1394]], "13": [[1889, 2788]], "14": [[3779, 5576]]}, "centroid": [-97.15222505, 49.85382205]}, "vancouver_bc": {"tiles": {"5": [[5, 10]], "6": [[10, 21]], "7": [[20, 43]], "8": [[40, 87]], "9": [[81, 175]], "10": [[162, 350]], "11": [[324, 701]], "12": [[648, 1403]], "13": [[1296, 2806]], "14": [[2593, 5612]]}, "centroid": [-123.123904, 49.257735450000006]}, "quebec_city_qc": {"tiles": {"5": [[9, 11]], "6": [[19, 22]], "7": [[38, 45]], "8": [[77, 90]], "9": [[154, 180]], "10": [[309, 361]], "11": [[619, 722]], "12": [[1238, 1445]], "13": [[2477, 2890]], "14": [[4954, 5780]]}, "centroid": [-71.3416925, 46.8563684]}, "calgary_ab": {"tiles": {"5": [[5, 10]], "6": [[11, 21]], "7": [[23, 42]], "8": [[47, 85]], "9": [[94, 171]], "10": [[188, 343]], "11": [[376, 687]], "12": [[752, 1374]], "13": [[1505, 2748]], "14": [[3010, 5496]]}, "centroid": [-114.087835, 51.0276233]}, "ottawa_on": {"tiles": {"5": [[9, 11]], "6": [[18, 23]], "7": [[37, 46]], "8": [[74, 92]], "9": [[148, 184]], "10": [[297, 368]], "11": [[595, 737]], "12": [[1191, 1474]], "13": [[2383, 2948]], "14": [[4767, 5896]]}, "centroid": [-75.8002569, 45.25015655]}, "mississauga_on": {"tiles": {"5": [[8, 11]], "6": [[17, 23]], "7": [[35, 46]], "8": [[71, 93]], "9": [[143, 187]], "10": [[286, 374]], "11": [[573, 749]], "12": [[1147, 1498]], "13": [[2294, 2997]], "14": [[4588, 5994]]}, "centroid": [-79.49434775, 43.57732645]}}